{
  "version": "zone-guided-angle-v1",
  "evaluation_hash": "b6736bbe25d7bbfc",
  "profile": "full",
  "selected_splits": [
    "validation",
    "test",
    "private_test"
  ],
  "selected_task_count": 2732,
  "public_overall": {
    "attempted_count": 1920,
    "estimated_count": 1904,
    "failure_count": 16,
    "failure_rate": 0.008333333333333333,
    "low_confidence_count": 1904,
    "reliable_count": 0,
    "reliable_rate": 0.0,
    "zone_accuracy": 0.37864583333333335,
    "mean_angle_confidence": 0.08883678295213811,
    "mean_combined_confidence": 0.08883678295213811,
    "circular_mae_degrees": 89.74343487394958,
    "circular_median_ae_degrees": 90.0,
    "circular_std_degrees": 75.1579146981412,
    "circular_rmse_degrees": 117.05808918971768,
    "maximum_circular_error_degrees": 180.0,
    "within_1_degrees_count": 480,
    "within_1_degrees_rate": 0.25210084033613445,
    "within_2_degrees_count": 606,
    "within_2_degrees_rate": 0.3182773109243697,
    "within_3_degrees_count": 636,
    "within_3_degrees_rate": 0.33403361344537813,
    "within_5_degrees_count": 650,
    "within_5_degrees_rate": 0.34138655462184875,
    "within_10_degrees_count": 666,
    "within_10_degrees_rate": 0.34978991596638653
  },
  "public_by_split": {
    "test": {
      "attempted_count": 944,
      "estimated_count": 928,
      "failure_count": 16,
      "failure_rate": 0.01694915254237288,
      "low_confidence_count": 928,
      "reliable_count": 0,
      "reliable_rate": 0.0,
      "zone_accuracy": 0.3792372881355932,
      "mean_angle_confidence": 0.09314171721206156,
      "mean_combined_confidence": 0.09314171721206156,
      "circular_mae_degrees": 89.81923491379311,
      "circular_median_ae_degrees": 90.0,
      "circular_std_degrees": 74.98219788117288,
      "circular_rmse_degrees": 117.00352541522207,
      "maximum_circular_error_degrees": 180.0,
      "within_1_degrees_count": 236,
      "within_1_degrees_rate": 0.2543103448275862,
      "within_2_degrees_count": 293,
      "within_2_degrees_rate": 0.31573275862068967,
      "within_3_degrees_count": 306,
      "within_3_degrees_rate": 0.3297413793103448,
      "within_5_degrees_count": 309,
      "within_5_degrees_rate": 0.3329741379310345,
      "within_10_degrees_count": 321,
      "within_10_degrees_rate": 0.3459051724137931
    },
    "validation": {
      "attempted_count": 976,
      "estimated_count": 976,
      "failure_count": 0,
      "failure_rate": 0.0,
      "low_confidence_count": 976,
      "reliable_count": 0,
      "reliable_rate": 0.0,
      "zone_accuracy": 0.3780737704918033,
      "mean_angle_confidence": 0.08467299407778592,
      "mean_combined_confidence": 0.08467299407778592,
      "circular_mae_degrees": 89.67136270491804,
      "circular_median_ae_degrees": 90.0,
      "circular_std_degrees": 75.32453879418692,
      "circular_rmse_degrees": 117.1099459222569,
      "maximum_circular_error_degrees": 180.0,
      "within_1_degrees_count": 244,
      "within_1_degrees_rate": 0.25,
      "within_2_degrees_count": 313,
      "within_2_degrees_rate": 0.3206967213114754,
      "within_3_degrees_count": 330,
      "within_3_degrees_rate": 0.33811475409836067,
      "within_5_degrees_count": 341,
      "within_5_degrees_rate": 0.34938524590163933,
      "within_10_degrees_count": 345,
      "within_10_degrees_rate": 0.35348360655737704
    }
  },
  "private_test_aggregate": {
    "sample_count": 812,
    "metrics": {
      "attempted_count": 812,
      "estimated_count": 804,
      "failure_count": 8,
      "failure_rate": 0.009852216748768473,
      "low_confidence_count": 804,
      "reliable_count": 0,
      "reliable_rate": 0.0,
      "zone_accuracy": 0.5,
      "mean_angle_confidence": 0.251104971730317,
      "mean_combined_confidence": 0.251104971730317,
      "circular_mae_degrees": 90.00373134328358,
      "circular_median_ae_degrees": 90.0,
      "circular_std_degrees": 88.91902647723471,
      "circular_rmse_degrees": 126.51982028667736,
      "maximum_circular_error_degrees": 180.0,
      "within_1_degrees_count": 341,
      "within_1_degrees_rate": 0.42412935323383083,
      "within_2_degrees_count": 374,
      "within_2_degrees_rate": 0.4651741293532338,
      "within_3_degrees_count": 376,
      "within_3_degrees_rate": 0.46766169154228854,
      "within_5_degrees_count": 385,
      "within_5_degrees_rate": 0.47885572139303484,
      "within_10_degrees_count": 389,
      "within_10_degrees_rate": 0.48383084577114427
    },
    "correction_direction_valid_rate": 1.0,
    "corrected_within_5_degrees_rate": 0.47885572139303484,
    "mean_original_orientation_score": 0.5710420797624152,
    "mean_corrected_orientation_score": 0.8964723545530325,
    "mean_orientation_score_delta": 0.3254302747906172,
    "row_level_artifacts_written": 0,
    "identity_or_path_fields_written": 0
  },
  "private_row_outputs_written": 0,
  "tolerances_degrees": [
    1.0,
    2.0,
    3.0,
    5.0,
    10.0
  ],
  "elapsed_seconds": 156.16552499998943
}