project_split,sample_count,mean_confidence,median_confidence,minimum_confidence,maximum_confidence
private_test,812,0.25231361751979137,0.2623431244189164,0.004240514990123293,0.40803835629675866
test,944,0.09338788784654013,0.022397785780844268,8.625178837692462e-06,0.4640082231057413
train,5600,0.24271533891695762,0.24802589547190992,0.0026917392515531115,0.4687567763136137
validation,976,0.08467299407778592,0.023123423601832817,1.4109310381187786e-05,0.43556587553492915
