{
  "profile": "smoke",
  "aggregate": {
    "sample_count": 16,
    "ocr_reference_sample_count": 12,
    "ocr_reference_coverage": 0.75,
    "cer": 0.7497014925373134,
    "wer": 0.885576923076923,
    "recognized_text_coverage": 0.25029850746268656,
    "text_detection_reference_sample_count": 12,
    "text_detection_reference_coverage": 0.75,
    "text_detection_precision": 0.5483146067415731,
    "text_detection_recall": 0.3333333333333333,
    "text_detection_f1": 0.4146134239592183,
    "empty_output_rate": 0.0,
    "mean_ocr_confidence": 0.9515271428793366,
    "mean_duration_seconds": 5.1111460750001925,
    "entity_precision": 0.0061633281972265025,
    "entity_recall": 0.021739130434782608,
    "entity_f1": 0.009603841536614645,
    "relation_precision": 0.0,
    "relation_recall": 0.0,
    "relation_f1": 0.0,
    "field_accuracy": 0.05,
    "document_type_accuracy": 0.25,
    "orientation_exact_accuracy": 0.375,
    "mean_orientation_error": 45.0
  },
  "upright": {
    "sample_count": 4,
    "ocr_reference_sample_count": 3,
    "ocr_reference_coverage": 0.75,
    "cer": 0.7856716417910448,
    "wer": 0.9230769230769231,
    "recognized_text_coverage": 0.21432835820895524,
    "text_detection_reference_sample_count": 3,
    "text_detection_reference_coverage": 0.75,
    "text_detection_precision": 0.5535714285714286,
    "text_detection_recall": 0.33879781420765026,
    "text_detection_f1": 0.4203389830508475,
    "empty_output_rate": 0.0,
    "mean_ocr_confidence": 0.9530211939514034,
    "mean_duration_seconds": 7.150717850000092,
    "entity_precision": 0.00625,
    "entity_recall": 0.021739130434782608,
    "entity_f1": 0.00970873786407767,
    "relation_precision": 0.0,
    "relation_recall": 0.0,
    "relation_f1": 0.0,
    "field_accuracy": 0.06666666666666667,
    "document_type_accuracy": 0.25,
    "orientation_exact_accuracy": 0.5,
    "mean_orientation_error": 45.0
  },
  "rotated": {
    "sample_count": 12,
    "ocr_reference_sample_count": 9,
    "ocr_reference_coverage": 0.75,
    "cer": 0.7377114427860697,
    "wer": 0.8730769230769231,
    "recognized_text_coverage": 0.2622885572139303,
    "text_detection_reference_sample_count": 9,
    "text_detection_reference_coverage": 0.75,
    "text_detection_precision": 0.5465465465465466,
    "text_detection_recall": 0.331511839708561,
    "text_detection_f1": 0.41269841269841273,
    "empty_output_rate": 0.0,
    "mean_ocr_confidence": 0.9510291258553144,
    "mean_duration_seconds": 4.431288816666893,
    "entity_precision": 0.006134969325153374,
    "entity_recall": 0.021739130434782608,
    "entity_f1": 0.009569377990430622,
    "relation_precision": 0.0,
    "relation_recall": 0.0,
    "relation_f1": 0.0,
    "field_accuracy": 0.044444444444444446,
    "document_type_accuracy": 0.25,
    "orientation_exact_accuracy": 0.3333333333333333,
    "mean_orientation_error": 45.0
  },
  "rotation_retention": 0.985645933014354,
  "by_angle": {
    "0.0": {
      "sample_count": 4,
      "ocr_reference_sample_count": 3,
      "ocr_reference_coverage": 0.75,
      "cer": 0.7856716417910448,
      "wer": 0.9230769230769231,
      "recognized_text_coverage": 0.21432835820895524,
      "text_detection_reference_sample_count": 3,
      "text_detection_reference_coverage": 0.75,
      "text_detection_precision": 0.5535714285714286,
      "text_detection_recall": 0.33879781420765026,
      "text_detection_f1": 0.4203389830508475,
      "empty_output_rate": 0.0,
      "mean_ocr_confidence": 0.9530211939514034,
      "mean_duration_seconds": 7.150717850000092,
      "entity_precision": 0.00625,
      "entity_recall": 0.021739130434782608,
      "entity_f1": 0.00970873786407767,
      "relation_precision": 0.0,
      "relation_recall": 0.0,
      "relation_f1": 0.0,
      "field_accuracy": 0.06666666666666667,
      "document_type_accuracy": 0.25,
      "orientation_exact_accuracy": 0.5,
      "mean_orientation_error": 45.0
    },
    "45.0": {
      "sample_count": 4,
      "ocr_reference_sample_count": 3,
      "ocr_reference_coverage": 0.75,
      "cer": 0.6417910447761194,
      "wer": 0.7730769230769231,
      "recognized_text_coverage": 0.35820895522388063,
      "text_detection_reference_sample_count": 3,
      "text_detection_reference_coverage": 0.75,
      "text_detection_precision": 0.5321100917431193,
      "text_detection_recall": 0.31693989071038253,
      "text_detection_f1": 0.3972602739726028,
      "empty_output_rate": 0.0,
      "mean_ocr_confidence": 0.945911908666346,
      "mean_duration_seconds": 6.556834975000584,
      "entity_precision": 0.00625,
      "entity_recall": 0.021739130434782608,
      "entity_f1": 0.00970873786407767,
      "relation_precision": 0.0,
      "relation_recall": 0.0,
      "relation_f1": 0.0,
      "field_accuracy": 0.0,
      "document_type_accuracy": 0.25,
      "orientation_exact_accuracy": 0.0,
      "mean_orientation_error": 45.0
    },
    "90.0": {
      "sample_count": 4,
      "ocr_reference_sample_count": 3,
      "ocr_reference_coverage": 0.75,
      "cer": 0.7856716417910448,
      "wer": 0.9230769230769231,
      "recognized_text_coverage": 0.21432835820895524,
      "text_detection_reference_sample_count": 3,
      "text_detection_reference_coverage": 0.75,
      "text_detection_precision": 0.5535714285714286,
      "text_detection_recall": 0.33879781420765026,
      "text_detection_f1": 0.4203389830508475,
      "empty_output_rate": 0.0,
      "mean_ocr_confidence": 0.9538939295673121,
      "mean_duration_seconds": 3.350923574999797,
      "entity_precision": 0.00625,
      "entity_recall": 0.021739130434782608,
      "entity_f1": 0.00970873786407767,
      "relation_precision": 0.0,
      "relation_recall": 0.0,
      "relation_f1": 0.0,
      "field_accuracy": 0.06666666666666667,
      "document_type_accuracy": 0.25,
      "orientation_exact_accuracy": 0.5,
      "mean_orientation_error": 45.0
    },
    "270.0": {
      "sample_count": 4,
      "ocr_reference_sample_count": 3,
      "ocr_reference_coverage": 0.75,
      "cer": 0.7856716417910448,
      "wer": 0.9230769230769231,
      "recognized_text_coverage": 0.21432835820895524,
      "text_detection_reference_sample_count": 3,
      "text_detection_reference_coverage": 0.75,
      "text_detection_precision": 0.5535714285714286,
      "text_detection_recall": 0.33879781420765026,
      "text_detection_f1": 0.4203389830508475,
      "empty_output_rate": 0.0,
      "mean_ocr_confidence": 0.9532815393322852,
      "mean_duration_seconds": 3.3861079000002974,
      "entity_precision": 0.005917159763313609,
      "entity_recall": 0.021739130434782608,
      "entity_f1": 0.009302325581395349,
      "relation_precision": 0.0,
      "relation_recall": 0.0,
      "relation_f1": 0.0,
      "field_accuracy": 0.06666666666666667,
      "document_type_accuracy": 0.25,
      "orientation_exact_accuracy": 0.5,
      "mean_orientation_error": 45.0
    }
  },
  "by_dataset": {
    "coru": {
      "sample_count": 4,
      "ocr_reference_sample_count": 0,
      "ocr_reference_coverage": 0.0,
      "cer": null,
      "wer": null,
      "recognized_text_coverage": null,
      "text_detection_reference_sample_count": 0,
      "text_detection_reference_coverage": 0.0,
      "text_detection_precision": null,
      "text_detection_recall": null,
      "text_detection_f1": null,
      "empty_output_rate": 0.0,
      "mean_ocr_confidence": 0.9192043589706393,
      "mean_duration_seconds": 12.61206672499975,
      "entity_precision": 0.0,
      "entity_recall": 0.0,
      "entity_f1": 0.0,
      "relation_precision": 0.0,
      "relation_recall": 0.0,
      "relation_f1": 0.0,
      "field_accuracy": 0.0,
      "document_type_accuracy": 0.0,
      "orientation_exact_accuracy": 0.75,
      "mean_orientation_error": 11.25
    },
    "fatura": {
      "sample_count": 4,
      "ocr_reference_sample_count": 4,
      "ocr_reference_coverage": 1.0,
      "cer": 1.0063291139240507,